,datetime,latitude,longitude,altitude,speed,course,address,attributes
4,2020-10-22 18:31:23,37.5558382,127.0493366,64.5999984741211,0.09343172943100332,147.6372528076172,,"{""batteryLevel"":100.0,""distance"":1.71,""totalDistance"":6.874785441E7,""motion"":true}"
12,2020-10-22 18:34:15,37.555168,127.048516,56.0,6.131846643859863,206.68252563476562,,"{""batteryLevel"":98.0,""distance"":85.98,""totalDistance"":6.874806693E7,""motion"":true}"
13,2020-10-22 18:34:35,37.5549412,127.0484176,67.69999694824219,2.550086807972431,187.42111206054688,,"{""batteryLevel"":98.0,""distance"":26.7,""totalDistance"":6.874809363E7,""motion"":true}"
21,2020-10-22 18:37:55,37.5549554,127.0459159,54.29999923706055,1.380752652417183,182.51861572265625,,"{""batteryLevel"":98.0,""distance"":72.69,""totalDistance"":6.874849978E7,""motion"":true}"
22,2020-10-22 18:38:21,37.5547825,127.0460542,48.5,0.46037226903176304,12.357804298400879,,"{""batteryLevel"":98.0,""distance"":22.79,""totalDistance"":6.874852257E7,""motion"":true}"
23,2020-10-22 18:38:42,37.5547995,127.0453693,51.099998474121094,5.433869530125618,272.0,,"{""batteryLevel"":98.0,""distance"":60.47,""totalDistance"":6.874858304E7,""motion"":true}"
25,2020-10-22 18:39:37,37.5546985,127.045111,54.79999923706055,2.4785199282016754,261.77392578125,,"{""batteryLevel"":97.0,""distance"":25.42,""totalDistance"":6.874860846E7,""motion"":true}"
28,2020-10-22 18:40:42,37.5542428,127.04432,57.099998474121094,2.1477921700959204,213.64768981933594,,"{""batteryLevel"":97.0,""distance"":7.91,""totalDistance"":6.874869621E7,""motion"":true}"
32,2020-10-22 18:42:30,37.5552006,127.0437447,50.39999771118164,0.5395591115108728,22.840740203857422,,"{""batteryLevel"":97.0,""distance"":75.58,""totalDistance"":6.874883563E7,""motion"":true}"
33,2020-10-22 18:43:03,37.5550018,127.0439513,50.39999771118164,1.1902975543870926,337.0352478027344,,"{""batteryLevel"":97.0,""distance"":28.67,""totalDistance"":6.87488643E7,""motion"":true}"
36,2020-10-22 18:44:46,37.5549766,127.0443551,46.39999771118164,2.3817291673135754,103.0,,"{""batteryLevel"":96.0,""distance"":80.23,""totalDistance"":6.874900102E7,""motion"":true}"
39,2020-10-22 18:46:25,37.5470034,127.0479236,37.29999923706055,1.0033407975440025,271.0,,"{""batteryLevel"":96.0,""distance"":607.9,""totalDistance"":6.875007018E7,""motion"":true}"
40,2020-10-22 18:46:50,37.5469118,127.0480982,50.39999771118164,1.3238894881203174,147.85935974121094,,"{""batteryLevel"":96.0,""distance"":18.48,""totalDistance"":6.875008866E7,""motion"":true}"
44,2020-10-22 18:49:18,37.5432137,127.0592917,48.599998474121094,9.39397831380272,114.2926025390625,,"{""batteryLevel"":96.0,""distance"":246.23,""totalDistance"":6.875116316E7,""motion"":true}"
48,2020-10-22 18:50:54,37.5400325,127.0690186,48.89999771118164,6.946303202147483,160.0,,"{""batteryLevel"":95.0,""distance"":1195.36,""totalDistance"":6.875376286E7,""motion"":true}"
50,2020-10-22 18:51:47,37.5380478,127.0774473,48.89999771118164,40.90083756573486,107.0,,"{""batteryLevel"":95.0,""distance"":657.52,""totalDistance"":6.875453898E7,""motion"":true}"
51,2020-10-22 18:52:23,37.5369587,127.0852398,43.70233728409231,33.703700728340145,75.0,,"{""batteryLevel"":95.0,""distance"":698.46,""totalDistance"":6.875523744E7,""motion"":true}"
52,2020-10-22 18:53:10,37.5374844,127.0874485,46.15824480456587,2.146155733355999,64.0,,"{""batteryLevel"":95.0,""distance"":203.56,""totalDistance"":6.8755441E7,""motion"":true}"
53,2020-10-22 18:53:46,37.5376233,127.0877587,60.19999694824219,14.78485048017311,73.0530014038086,,"{""batteryLevel"":95.0,""distance"":31.45,""totalDistance"":6.875547245E7,""motion"":true}"
55,2020-10-22 18:54:52,37.5347035,127.0950245,48.599998474121094,0.24260039979609846,216.87493896484375,,"{""batteryLevel"":94.0,""distance"":526.33,""totalDistance"":6.87562784E7,""motion"":true}"
57,2020-10-22 18:55:39,37.5321006,127.0966724,45.79999923706055,14.777952512334823,156.34706115722656,,"{""batteryLevel"":94.0,""distance"":327.41,""totalDistance"":6.875660923E7,""motion"":true}"
58,2020-10-22 18:56:07,37.5270887,127.0998501,45.79999923706055,43.424822721084595,153.0,,"{""batteryLevel"":94.0,""distance"":624.48,""totalDistance"":6.875723371E7,""motion"":true}"
123,2020-10-22 19:24:25,37.476147,126.9812568,41.5,1.201929533040762,98.62137603759766,,"{""batteryLevel"":87.0,""distance"":40.69,""totalDistance"":6.878242261E7,""motion"":true}"
125,2020-10-22 19:25:10,37.475821,126.9811853,41.5,0.903645662684083,283.2225646972656,,"{""batteryLevel"":87.0,""distance"":12.3,""totalDistance"":6.878246077E7,""motion"":true}"
126,2020-10-22 19:25:39,37.4758541,126.9809303,41.79999923706055,1.1271020611760616,281.12188720703125,,"{""batteryLevel"":87.0,""distance"":22.83,""totalDistance"":6.87824836E7,""motion"":true}"
127,2020-10-22 19:26:01,37.4758376,126.9807762,43.099998474121094,1.2004765060544014,237.84451293945312,,"{""batteryLevel"":87.0,""distance"":13.74,""totalDistance"":6.878249734E7,""motion"":true}"
386,2020-10-22 21:07:21,37.4761071,126.9811958,41.5,1.1574413712444305,329.3023681640625,,"{""batteryLevel"":77.0,""distance"":10.87,""totalDistance"":6.878301301E7,""motion"":true}"
416,2020-10-22 21:20:05,37.4896464,126.9194452,59.09792431336142,29.146791205204007,278.0,,"{""batteryLevel"":73.0,""distance"":358.95,""totalDistance"":6.880037359E7,""motion"":true}"
420,2020-10-22 21:22:33,37.4859579,126.9068895,50.79999923706055,11.77737543235588,261.0,,"{""batteryLevel"":73.0,""distance"":337.69,""totalDistance"":6.880160764E7,""motion"":true}"
421,2020-10-22 21:22:53,37.4854115,126.9010821,60.73819384104657,1.7282733519451616,282.1052551269531,,"{""batteryLevel"":72.0,""distance"":516.58,""totalDistance"":6.880212422E7,""motion"":true}"
424,2020-10-22 21:24:33,37.4910689,126.8958576,52.0,29.406719090847012,341.0,,"{""batteryLevel"":72.0,""distance"":592.9,""totalDistance"":6.880291537E7,""motion"":true}"
425,2020-10-22 21:25:10,37.4936369,126.8945672,49.5,2.426905666030884,324.83599853515625,,"{""batteryLevel"":72.0,""distance"":307.75,""totalDistance"":6.880322312E7,""motion"":true}"
426,2020-10-22 21:25:38,37.4937116,126.8948334,48.89999771118164,1.8392892018435,2.146592378616333,,"{""batteryLevel"":72.0,""distance"":24.94,""totalDistance"":6.880324806E7,""motion"":true}"
429,2020-10-22 21:26:40,37.4932383,126.8954178,44.29999923706055,0.28053411049014326,37.83250045776367,,"{""batteryLevel"":71.0,""distance"":24.75,""totalDistance"":6.880337323E7,""motion"":true}"
461,2020-10-22 21:40:05,37.4760707,126.8682943,41.79999923706055,3.736532409948349,282.1712951660156,,"{""batteryLevel"":68.0,""distance"":8.56,""totalDistance"":6.880802235E7,""motion"":true}"
464,2020-10-22 21:41:27,37.4762033,126.8686004,41.39999771118164,0.6792676968011856,246.9322967529297,,"{""batteryLevel"":67.0,""distance"":10.9,""totalDistance"":6.880808657E7,""motion"":true}"
471,2020-10-22 21:44:07,37.476138,126.8687808,62.29999923706055,0.6583155365960598,150.0460662841797,,"{""batteryLevel"":67.0,""distance"":3.62,""totalDistance"":6.880833352E7,""motion"":true}"
474,2020-10-22 21:45:27,37.4758376,126.8663745,40.599998474121094,0.4209941775628924,127.73753356933594,,"{""batteryLevel"":67.0,""distance"":157.01,""totalDistance"":6.88089056E7,""motion"":true}"
477,2020-10-22 21:46:29,37.4748669,126.8666894,38.39999771118164,2.5675247538785935,356.48284912109375,,"{""batteryLevel"":67.0,""distance"":94.11,""totalDistance"":6.880920772E7,""motion"":true}"
509,2020-10-22 22:00:02,37.473898,126.8668636,38.29999923706055,3.961821689423561,261.5610656738281,,"{""batteryLevel"":66.0,""distance"":6.59,""totalDistance"":6.880948842E7,""motion"":true}"
521,2020-10-22 22:05:07,37.4736999,126.8692745,36.39999771118164,0.8663859654550552,270.8244323730469,,"{""batteryLevel"":65.0,""distance"":7.58,""totalDistance"":6.880993705E7,""motion"":true}"
527,2020-10-22 22:07:28,37.4738006,126.8709257,38.099998474121094,2.8346252006106374,254.23899841308594,,"{""batteryLevel"":65.0,""distance"":18.65,""totalDistance"":6.881016876E7,""motion"":true}"
533,2020-10-22 22:09:48,37.4743008,126.8715145,59.5,1.0945356492233276,283.8282775878906,,"{""batteryLevel"":65.0,""distance"":31.45,""totalDistance"":6.881047546E7,""motion"":true}"
541,2020-10-22 22:13:31,37.4750365,126.8736395,39.89999771118164,1.8974667061557768,94.28550720214844,,"{""batteryLevel"":64.0,""distance"":12.92,""totalDistance"":6.881095475E7,""motion"":true}"
546,2020-10-22 22:15:58,37.4750299,126.8734828,39.89999771118164,0.008062517126793041,91.20769500732422,,"{""batteryLevel"":64.0,""distance"":0.29,""totalDistance"":6.881097042E7,""motion"":false}"
552,2020-10-22 22:18:14,37.4748282,126.8725405,39.89999771118164,0.3046043234024048,94.0,,"{""batteryLevel"":64.0,""distance"":87.91,""totalDistance"":6.881106214E7,""motion"":true}"
555,2020-10-22 22:19:56,37.4750237,126.8735522,41.099998474121094,0.9680255565304756,74.4905014038086,,"{""batteryLevel"":64.0,""distance"":66.66,""totalDistance"":6.881115497E7,""motion"":true}"
556,2020-10-22 22:20:19,37.4749256,126.8733952,39.89999771118164,2.5200743449759484,224.39170837402344,,"{""batteryLevel"":64.0,""distance"":17.65,""totalDistance"":6.881117262E7,""motion"":true}"
558,2020-10-22 22:21:01,37.4749148,126.8734081,39.89999771118164,2.6078475561990735,227.61276245117188,,"{""batteryLevel"":63.0,""distance"":18.66,""totalDistance"":6.881121004E7,""motion"":true}"
560,2020-10-22 22:22:03,37.4750278,126.8735141,39.89999771118164,1.9585876879091262,56.12303161621094,,"{""batteryLevel"":63.0,""distance"":1.22,""totalDistance"":6.881122802E7,""motion"":true}"
561,2020-10-22 22:22:24,37.4749933,126.8734265,39.89999771118164,1.3738143645572662,241.77528381347656,,"{""batteryLevel"":63.0,""distance"":8.64,""totalDistance"":6.881123666E7,""motion"":true}"
562,2020-10-22 22:22:45,37.4749933,126.8734265,39.89999771118164,1.3738143645572662,241.77528381347656,,"{""batteryLevel"":63.0,""distance"":0.0,""totalDistance"":6.881123666E7,""motion"":true}"
563,2020-10-22 22:23:07,37.4750324,126.8735426,41.099998474121094,0.3098938931365013,285.1946716308594,,"{""batteryLevel"":63.0,""distance"":11.14,""totalDistance"":6.88112478E7,""motion"":true}"
564,2020-10-22 22:23:27,37.4750324,126.8735426,41.099998474121094,0.3098938931365013,285.1946716308594,,"{""batteryLevel"":63.0,""distance"":0.0,""totalDistance"":6.88112478E7,""motion"":true}"
565,2020-10-22 22:23:49,37.474985,126.8733533,39.89999771118164,2.6569394997754094,251.5798797607422,,"{""batteryLevel"":63.0,""distance"":17.54,""totalDistance"":6.881126534E7,""motion"":true}"
566,2020-10-22 22:24:09,37.474985,126.8733533,39.89999771118164,2.6569394997754094,251.5798797607422,,"{""batteryLevel"":63.0,""distance"":0.0,""totalDistance"":6.881126534E7,""motion"":true}"
569,2020-10-22 22:25:32,37.475028,126.8735048,39.89999771118164,3.339332229977131,70.15521240234375,,"{""batteryLevel"":63.0,""distance"":5.8,""totalDistance"":6.881135874E7,""motion"":true}"
570,2020-10-22 22:26:14,37.4750339,126.8735001,39.89999771118164,4.040504126114845,91.46448516845703,,"{""batteryLevel"":63.0,""distance"":0.78,""totalDistance"":6.881135952E7,""motion"":true}"
571,2020-10-22 22:26:56,37.4750275,126.873519,39.89999771118164,1.168392659877777,326.26715087890625,,"{""batteryLevel"":63.0,""distance"":1.82,""totalDistance"":6.881136134E7,""motion"":true}"
577,2020-10-22 22:29:41,37.4749742,126.873384,38.19999694824219,1.9469400678677558,239.13365173339844,,"{""batteryLevel"":63.0,""distance"":13.51,""totalDistance"":6.881145044E7,""motion"":true}"
579,2020-10-22 22:30:21,37.4749938,126.8734178,39.89999771118164,1.178817586849451,235.03590393066406,,"{""batteryLevel"":63.0,""distance"":9.12,""totalDistance"":6.881147238E7,""motion"":true}"
581,2020-10-22 22:31:01,37.4750022,126.8734135,38.19999694824219,1.208227450901985,245.12106323242188,,"{""batteryLevel"":63.0,""distance"":8.76,""totalDistance"":6.881149E7,""motion"":true}"
592,2020-10-22 22:37:35,37.4750162,126.8734269,39.89999771118164,1.1880580552546978,250.31141662597656,,"{""batteryLevel"":63.0,""distance"":7.42,""totalDistance"":6.881162761E7,""motion"":true}"
595,2020-10-22 22:38:56,37.4748714,126.873137,38.19999694824219,0.9912596214079856,240.73092651367188,,"{""batteryLevel"":63.0,""distance"":37.19,""totalDistance"":6.8811672E7,""motion"":true}"
597,2020-10-22 22:39:36,37.4748963,126.8732798,38.19999694824219,4.0259156934614175,232.5318603515625,,"{""batteryLevel"":63.0,""distance"":24.73,""totalDistance"":6.881173357E7,""motion"":true}"
599,2020-10-22 22:40:16,37.4749542,126.8733085,41.099998474121094,3.361496655660152,242.7867431640625,,"{""batteryLevel"":63.0,""distance"":58.34,""totalDistance"":6.881184421E7,""motion"":true}"
605,2020-10-22 22:43:36,37.4750526,126.8734597,39.89999771118164,0.7530513087955713,302.66217041015625,,"{""batteryLevel"":62.0,""distance"":4.33,""totalDistance"":6.881195922E7,""motion"":true}"
608,2020-10-22 22:44:56,37.4750365,126.8735047,39.89999771118164,0.023998382011659443,35.89084243774414,,"{""batteryLevel"":62.0,""distance"":0.11,""totalDistance"":6.881201486E7,""motion"":true}"
610,2020-10-22 22:45:36,37.4750325,126.8735122,39.89999771118164,0.14165412771329283,86.09847259521484,,"{""batteryLevel"":62.0,""distance"":0.88,""totalDistance"":6.881201627E7,""motion"":true}"
612,2020-10-22 22:46:16,37.4750356,126.8735042,39.89999771118164,0.02650655456404388,183.57244873046875,,"{""batteryLevel"":62.0,""distance"":0.18,""totalDistance"":6.881201728E7,""motion"":true}"
614,2020-10-22 22:46:56,37.4750297,126.8735028,38.19999694824219,0.04608507144608348,160.9208526611328,,"{""batteryLevel"":62.0,""distance"":0.28,""totalDistance"":6.881201798E7,""motion"":true}"
616,2020-10-22 22:47:36,37.4750348,126.8735043,38.19999694824219,0.04356207940299064,180.17352294921875,,"{""batteryLevel"":62.0,""distance"":0.26,""totalDistance"":6.881201908E7,""motion"":true}"
620,2020-10-22 22:49:38,37.4750744,126.8734311,39.0,0.6817070001786947,100.0,,"{""batteryLevel"":62.0,""distance"":10.3,""totalDistance"":6.881203411E7,""motion"":true}"
624,2020-10-22 22:51:40,37.4750316,126.8733508,39.0,6.764319479696273,85.0,,"{""batteryLevel"":62.0,""distance"":14.78,""totalDistance"":6.881206017E7,""motion"":true}"
625,2020-10-22 22:52:16,37.4750432,126.8733852,39.0,0.3069530515589118,278.1830139160156,,"{""batteryLevel"":62.0,""distance"":3.3,""totalDistance"":6.881206347E7,""motion"":true}"
630,2020-10-22 22:55:00,37.4749387,126.8733662,39.0,2.560373974870205,236.78567504882812,,"{""batteryLevel"":62.0,""distance"":29.93,""totalDistance"":6.88122676E7,""motion"":true}"
634,2020-10-22 22:57:01,37.4750833,126.8734628,39.0,2.990011843966484,75.0,,"{""batteryLevel"":62.0,""distance"":51.71,""totalDistance"":6.881238913E7,""motion"":true}"
637,2020-10-22 22:58:22,37.4750218,126.8735739,39.89999771118164,0.8231883340061903,96.26223754882812,,"{""batteryLevel"":62.0,""distance"":4.68,""totalDistance"":6.881240621E7,""motion"":true}"
638,2020-10-22 22:58:42,37.4750218,126.8735739,39.89999771118164,0.8231883340061903,96.26223754882812,,"{""batteryLevel"":62.0,""distance"":0.0,""totalDistance"":6.881240621E7,""motion"":true}"
642,2020-10-22 23:47:42,37.4750227,126.8735266,39.0,0.0004538013331469265,232.90960693359375,,"{""batteryLevel"":60.0,""distance"":0.06,""totalDistance"":6.8812412E7,""motion"":false}"
647,2020-10-22 23:50:43,37.4750144,126.8735377,38.19999694824219,0.7328106579376459,156.38778686523438,,"{""batteryLevel"":60.0,""distance"":2.45,""totalDistance"":6.881242578E7,""motion"":true}"
649,2020-10-22 23:51:26,37.4750336,126.8735261,38.19999694824219,0.00018427739007171475,227.1245574951172,,"{""batteryLevel"":60.0,""distance"":0.23,""totalDistance"":6.881242846E7,""motion"":false}"
655,2020-10-22 23:54:02,37.4750315,126.873542,43.599998474121094,3.8864570807189938,61.14158248901367,,"{""batteryLevel"":59.0,""distance"":1.33,""totalDistance"":6.881243349E7,""motion"":true}"
665,2020-10-22 23:59:57,37.4748054,126.8734714,38.19999694824219,1.2566462354965209,10.492932319641113,,"{""batteryLevel"":58.0,""distance"":25.82,""totalDistance"":6.881256674E7,""motion"":true}"
668,2020-10-23 00:01:27,37.4750182,126.8735551,38.19999694824219,1.1564665072731972,123.55852508544922,,"{""batteryLevel"":58.0,""distance"":1.13,""totalDistance"":6.881259377E7,""motion"":true}"
670,2020-10-23 00:02:09,37.4749382,126.8735243,39.89999771118164,5.92088394862175,12.544971466064453,,"{""batteryLevel"":58.0,""distance"":10.36,""totalDistance"":6.881260534E7,""motion"":true}"
672,2020-10-23 00:02:52,37.4750239,126.8735538,38.19999694824219,2.334254659087658,14.771928787231445,,"{""batteryLevel"":58.0,""distance"":0.71,""totalDistance"":6.881261647E7,""motion"":true}"
690,2020-10-23 00:10:15,37.4750134,126.8735637,39.89999771118164,0.15371353625142573,210.162841796875,,"{""batteryLevel"":63.0,""distance"":1.07,""totalDistance"":6.881271499E7,""motion"":true}"
709,2020-10-23 00:19:07,37.4750204,126.8735658,39.89999771118164,1.936043118573904,13.705496788024902,,"{""batteryLevel"":74.0,""distance"":0.64,""totalDistance"":6.881279392E7,""motion"":true}"
714,2020-10-23 00:21:07,37.4750229,126.8735626,39.89999771118164,0.7307034733589888,22.576465606689453,,"{""batteryLevel"":77.0,""distance"":0.63,""totalDistance"":6.881279826E7,""motion"":true}"
718,2020-10-23 00:22:27,37.4750223,126.873563,43.69999694824219,0.7680920092778205,38.920555114746094,,"{""batteryLevel"":78.0,""distance"":0.49,""totalDistance"":6.881280048E7,""motion"":true}"
721,2020-10-23 00:23:28,37.474841,126.8735025,38.19999694824219,0.5687226526726484,75.0,,"{""batteryLevel"":79.0,""distance"":21.12,""totalDistance"":6.881282483E7,""motion"":true}"
723,2020-10-23 00:24:09,37.4750205,126.8735713,39.89999771118164,1.0683126889493464,23.59334373474121,,"{""batteryLevel"":80.0,""distance"":1.36,""totalDistance"":6.881284733E7,""motion"":true}"
726,2020-10-23 00:25:29,37.4750214,126.8735684,43.69999694824219,0.8205778443299532,49.28504180908203,,"{""batteryLevel"":81.0,""distance"":0.97,""totalDistance"":6.881284977E7,""motion"":true}"
728,2020-10-23 00:26:09,37.4750198,126.8735682,43.69999694824219,1.5222967835197447,23.264896392822266,,"{""batteryLevel"":82.0,""distance"":0.37,""totalDistance"":6.881285034E7,""motion"":true}"
735,2020-10-23 00:28:49,37.4750186,126.8735708,39.89999771118164,1.1830878015539645,14.408187866210938,,"{""batteryLevel"":84.0,""distance"":0.29,""totalDistance"":6.881285296E7,""motion"":true}"
744,2020-10-23 00:32:44,37.4750188,126.8735695,39.89999771118164,1.6891483323361873,338.10711669921875,,"{""batteryLevel"":87.0,""distance"":0.22,""totalDistance"":6.881285673E7,""motion"":true}"
746,2020-10-23 00:33:44,37.4750216,126.8735281,43.599998474121094,1.347325848278761,331.9884948730469,,"{""batteryLevel"":87.0,""distance"":3.8,""totalDistance"":6.881286066E7,""motion"":true}"
759,2020-10-23 00:38:46,37.4750147,126.8735691,39.89999771118164,0.3811690320611,332.92816162109375,,"{""batteryLevel"":90.0,""distance"":0.13,""totalDistance"":6.881289983E7,""motion"":true}"
768,2020-10-23 00:42:07,37.4750151,126.8735727,38.19999694824219,0.519061594308257,352.68670654296875,,"{""batteryLevel"":91.0,""distance"":0.12,""totalDistance"":6.881290136E7,""motion"":true}"
771,2020-10-23 00:43:27,37.4750099,126.8735729,39.89999771118164,0.2888557342645526,61.571754455566406,,"{""batteryLevel"":92.0,""distance"":0.75,""totalDistance"":6.881290237E7,""motion"":true}"
773,2020-10-23 00:44:28,37.4748242,126.8735112,39.89999771118164,0.6217583693990707,193.90086364746094,,"{""batteryLevel"":92.0,""distance"":21.75,""totalDistance"":6.881292462E7,""motion"":true}"
776,2020-10-23 00:46:11,37.4750133,126.8735618,39.89999771118164,0.5149753686679601,330.011474609375,,"{""batteryLevel"":93.0,""distance"":0.12,""totalDistance"":6.881294667E7,""motion"":true}"
779,2020-10-23 00:47:31,37.4749934,126.8735525,43.599998474121094,2.3264932866482733,359.81707763671875,,"{""batteryLevel"":93.0,""distance"":3.35,""totalDistance"":6.881295106E7,""motion"":true}"
785,2020-10-23 00:49:31,37.4750157,126.8735826,39.89999771118164,1.3486235041472912,11.640968322753906,,"{""batteryLevel"":94.0,""distance"":2.01,""totalDistance"":6.881296081E7,""motion"":true}"
787,2020-10-23 00:50:11,37.4750193,126.8735879,38.19999694824219,1.232018349181652,18.30318832397461,,"{""batteryLevel"":94.0,""distance"":0.66,""totalDistance"":6.881296195E7,""motion"":true}"
789,2020-10-23 00:50:51,37.4750185,126.8735817,38.19999694824219,0.9502771580439806,25.06817626953125,,"{""batteryLevel"":94.0,""distance"":1.35,""totalDistance"":6.881296409E7,""motion"":true}"
791,2020-10-23 00:51:31,37.4750167,126.8735846,39.89999771118164,1.032016443271637,20.443788528442383,,"{""batteryLevel"":95.0,""distance"":0.19,""totalDistance"":6.881296442E7,""motion"":true}"
793,2020-10-23 00:52:11,37.4750177,126.8735855,39.89999771118164,0.9187102307653426,22.30010986328125,,"{""batteryLevel"":95.0,""distance"":0.73,""totalDistance"":6.881296581E7,""motion"":true}"
797,2020-10-23 00:53:56,37.475017,126.8735856,39.89999771118164,0.7252465407764911,353.2772521972656,,"{""batteryLevel"":95.0,""distance"":10.72,""totalDistance"":6.881298816E7,""motion"":true}"
799,2020-10-23 00:54:36,37.4750168,126.8735852,39.89999771118164,0.898153276289463,344.2823486328125,,"{""batteryLevel"":95.0,""distance"":0.81,""totalDistance"":6.881298981E7,""motion"":true}"
803,2020-10-23 00:55:56,37.4750188,126.8735891,38.19999694824219,1.2144872501220703,349.159912109375,,"{""batteryLevel"":96.0,""distance"":0.25,""totalDistance"":6.881299163E7,""motion"":true}"
805,2020-10-23 00:56:36,37.4750174,126.8735827,38.19999694824219,1.6431691407744884,355.4161071777344,,"{""batteryLevel"":96.0,""distance"":0.32,""totalDistance"":6.881299267E7,""motion"":true}"
813,2020-10-23 01:00:37,37.4750245,126.8735075,39.89999771118164,1.0267795908071995,3.4203150272369385,,"{""batteryLevel"":97.0,""distance"":1.84,""totalDistance"":6.881306215E7,""motion"":true}"
815,2020-10-23 01:01:17,37.4750173,126.873538,39.89999771118164,1.4829282217111588,15.717416763305664,,"{""batteryLevel"":97.0,""distance"":1.13,""totalDistance"":6.881306711E7,""motion"":true}"
818,2020-10-23 01:02:17,37.4750208,126.8735267,39.89999771118164,1.552085169154644,48.602294921875,,"{""batteryLevel"":98.0,""distance"":1.2,""totalDistance"":6.881307068E7,""motion"":true}"
825,2020-10-23 01:04:57,37.4750183,126.8735484,39.89999771118164,0.7696762501276732,25.559825897216797,,"{""batteryLevel"":100.0,""distance"":1.97,""totalDistance"":6.881307602E7,""motion"":true}"
838,2020-10-23 01:12:02,37.4750184,126.8735827,39.89999771118164,3.800718176794052,357.6186218261719,,"{""batteryLevel"":100.0,""distance"":0.29,""totalDistance"":6.881309097E7,""motion"":true}"
842,2020-10-23 01:13:42,37.4750159,126.8735869,39.89999771118164,0.9244013207148313,330.87469482421875,,"{""batteryLevel"":100.0,""distance"":0.66,""totalDistance"":6.881309206E7,""motion"":true}"
845,2020-10-23 01:14:43,37.4750159,126.873578,39.89999771118164,1.8858555826857089,357.9686279296875,,"{""batteryLevel"":100.0,""distance"":0.71,""totalDistance"":6.881309329E7,""motion"":true}"
848,2020-10-23 01:15:43,37.4750173,126.8735829,39.89999771118164,1.3547579405415058,12.388400077819824,,"{""batteryLevel"":100.0,""distance"":0.22,""totalDistance"":6.88130942E7,""motion"":true}"
851,2020-10-23 01:17:02,37.4748998,126.8735532,39.89999771118164,3.0081651226701736,84.56685638427734,,"{""batteryLevel"":100.0,""distance"":13.4,""totalDistance"":6.881310857E7,""motion"":true}"
852,2020-10-23 01:17:22,37.4748998,126.8735532,39.89999771118164,3.0081651226701736,84.56685638427734,,"{""batteryLevel"":100.0,""distance"":0.0,""totalDistance"":6.881310857E7,""motion"":true}"
853,2020-10-23 01:17:44,37.4750086,126.8735579,39.89999771118164,0.8786856575703621,9.759659767150879,,"{""batteryLevel"":100.0,""distance"":12.12,""totalDistance"":6.881312069E7,""motion"":true}"
855,2020-10-23 01:18:40,37.4748533,126.8735162,39.89999771118164,3.175709179444313,256.8777160644531,,"{""batteryLevel"":100.0,""distance"":17.98,""totalDistance"":6.881313938E7,""motion"":true}"
856,2020-10-23 01:19:00,37.4748533,126.8735162,39.89999771118164,3.175709179444313,256.8777160644531,,"{""batteryLevel"":100.0,""distance"":0.0,""totalDistance"":6.881313938E7,""motion"":true}"
860,2020-10-23 01:20:22,37.4750063,126.873568,39.89999771118164,2.4719753398633,343.6737060546875,,"{""batteryLevel"":100.0,""distance"":1.84,""totalDistance"":6.881316135E7,""motion"":true}"
865,2020-10-23 01:22:22,37.4750028,126.8735488,39.89999771118164,2.570546438258171,7.511822700500488,,"{""batteryLevel"":100.0,""distance"":1.22,""totalDistance"":6.88131639E7,""motion"":true}"
868,2020-10-23 01:23:22,37.4750192,126.8735614,39.89999771118164,6.037191917221069,1.084958553314209,,"{""batteryLevel"":100.0,""distance"":1.14,""totalDistance"":6.881316752E7,""motion"":true}"
873,2020-10-23 01:25:22,37.4749874,126.8735728,39.89999771118164,2.9915018309726715,345.4449157714844,,"{""batteryLevel"":100.0,""distance"":2.56,""totalDistance"":6.881317437E7,""motion"":true}"
890,2020-10-23 01:32:06,37.4750841,126.8737306,43.599998474121094,1.598383445025444,34.51515197753906,,"{""batteryLevel"":100.0,""distance"":15.71,""totalDistance"":6.881320379E7,""motion"":true}"
892,2020-10-23 01:32:48,37.474812,126.8735265,39.89999771118164,0.7977733383035659,44.0,,"{""batteryLevel"":100.0,""distance"":22.39,""totalDistance"":6.881324189E7,""motion"":true}"
900,2020-10-23 01:35:50,37.4750209,126.8735786,39.89999771118164,1.2520339957809448,15.70621109008789,,"{""batteryLevel"":100.0,""distance"":0.22,""totalDistance"":6.881326727E7,""motion"":true}"
912,2020-10-23 01:40:16,37.4752107,126.8735223,39.89999771118164,1.4354865024683474,338.0,,"{""batteryLevel"":100.0,""distance"":21.72,""totalDistance"":6.881329175E7,""motion"":true}"
918,2020-10-23 01:42:18,37.475018,126.8735785,39.89999771118164,0.5466390987571478,127.75212097167969,,"{""batteryLevel"":100.0,""distance"":0.43,""totalDistance"":6.88133173E7,""motion"":true}"
923,2020-10-23 01:44:18,37.4750169,126.8735744,39.89999771118164,1.1726292745642661,1.9427528381347656,,"{""batteryLevel"":100.0,""distance"":0.47,""totalDistance"":6.88133195E7,""motion"":true}"
927,2020-10-23 01:45:39,37.4743306,126.8732059,39.89999771118164,0.7252865132117271,263.0,,"{""batteryLevel"":100.0,""distance"":83.13,""totalDistance"":6.881340515E7,""motion"":true}"
938,2020-10-23 01:49:54,37.4748238,126.8737668,39.89999771118164,0.8119286783108711,329.20166015625,,"{""batteryLevel"":100.0,""distance"":28.82,""totalDistance"":6.881352105E7,""motion"":true}"
941,2020-10-23 01:50:56,37.4752319,126.8738669,39.89999771118164,0.5295062757732868,31.0,,"{""batteryLevel"":100.0,""distance"":35.4,""totalDistance"":6.881358696E7,""motion"":true}"
950,2020-10-23 01:54:45,37.4749756,126.8735397,39.89999771118164,0.464402620159328,45.60944747924805,,"{""batteryLevel"":100.0,""distance"":5.26,""totalDistance"":6.881365324E7,""motion"":true}"
953,2020-10-23 01:55:45,37.4750228,126.8735139,45.0,1.6030485178728102,73.27979278564453,,"{""batteryLevel"":100.0,""distance"":0.59,""totalDistance"":6.881366175E7,""motion"":true}"
958,2020-10-23 01:57:59,37.4747329,126.873516,39.89999771118164,0.6276257435810566,185.9467010498047,,"{""batteryLevel"":100.0,""distance"":32.75,""totalDistance"":6.881370005E7,""motion"":true}"
972,2020-10-23 02:04:06,37.4750246,126.8735094,43.599998474121094,2.609819297946453,334.0195007324219,,"{""batteryLevel"":100.0,""distance"":3.18,""totalDistance"":6.881375334E7,""motion"":true}"
979,2020-10-23 02:06:47,37.4750006,126.8735641,39.89999771118164,0.5258446269124746,268.6946105957031,,"{""batteryLevel"":100.0,""distance"":2.95,""totalDistance"":6.881377158E7,""motion"":true}"
986,2020-10-23 02:09:09,37.4750257,126.8735066,39.89999771118164,3.3336440945119854,330.2908630371094,,"{""batteryLevel"":100.0,""distance"":2.3,""totalDistance"":6.881378043E7,""motion"":true}"
1006,2020-10-23 02:19:52,37.4750097,126.8735886,39.89999771118164,1.2431916296582222,22.904626846313477,,"{""batteryLevel"":100.0,""distance"":0.51,""totalDistance"":6.881380197E7,""motion"":true}"
1008,2020-10-23 02:20:34,37.4750107,126.8735863,43.599998474121094,1.3872667690150737,255.7903594970703,,"{""batteryLevel"":100.0,""distance"":0.37,""totalDistance"":6.881380265E7,""motion"":true}"
1015,2020-10-23 02:23:54,37.4750134,126.8735622,39.89999771118164,1.9112370363013744,0.36310654878616333,,"{""batteryLevel"":100.0,""distance"":0.43,""totalDistance"":6.881380669E7,""motion"":true}"
1018,2020-10-23 02:25:18,37.4750119,126.8735668,43.599998474121094,2.2081132396960257,358.8362121582031,,"{""batteryLevel"":100.0,""distance"":2.75,""totalDistance"":6.881381225E7,""motion"":true}"
1021,2020-10-23 02:27:00,37.475008,126.8735647,43.599998474121094,2.9207390343918798,4.488158226013184,,"{""batteryLevel"":100.0,""distance"":1.38,""totalDistance"":6.88138151E7,""motion"":true}"
1022,2020-10-23 02:27:21,37.4750108,126.873561,43.599998474121094,3.260191674419403,15.956121444702148,,"{""batteryLevel"":100.0,""distance"":0.45,""totalDistance"":6.881381555E7,""motion"":true}"
1025,2020-10-23 02:28:44,37.475019,126.8735599,39.89999771118164,3.1792242047781945,41.20187759399414,,"{""batteryLevel"":100.0,""distance"":2.27,""totalDistance"":6.881382136E7,""motion"":true}"
1030,2020-10-23 02:30:48,37.4750005,126.8735515,39.89999771118164,11.25627298453903,28.231271743774414,,"{""batteryLevel"":100.0,""distance"":2.61,""totalDistance"":6.881382565E7,""motion"":true}"
1039,2020-10-23 02:35:33,37.47501,126.8735752,39.89999771118164,3.089713061588287,20.494831085205078,,"{""batteryLevel"":100.0,""distance"":0.83,""totalDistance"":6.881383266E7,""motion"":true}"
1046,2020-10-23 02:38:51,37.4747521,126.8734295,38.19999694824219,12.586737301013946,104.0,,"{""batteryLevel"":100.0,""distance"":32.45,""totalDistance"":6.881386659E7,""motion"":true}"
1047,2020-10-23 02:39:13,37.4746334,126.8733477,39.89999771118164,4.3349542923460005,233.0,,"{""batteryLevel"":100.0,""distance"":15.06,""totalDistance"":6.881388165E7,""motion"":true}"
1055,2020-10-23 02:42:59,37.4750139,126.8735574,39.89999771118164,3.270223712904453,16.642807006835938,,"{""batteryLevel"":100.0,""distance"":0.75,""totalDistance"":6.881393211E7,""motion"":true}"
1062,2020-10-23 02:45:41,37.4750113,126.8735695,38.19999694824219,3.0083511972527504,20.900760650634766,,"{""batteryLevel"":100.0,""distance"":0.94,""totalDistance"":6.881394003E7,""motion"":true}"
1064,2020-10-23 02:46:21,37.4750104,126.8735688,39.89999771118164,3.4807509982538223,18.778228759765625,,"{""batteryLevel"":100.0,""distance"":0.69,""totalDistance"":6.881394131E7,""motion"":true}"
1066,2020-10-23 02:47:01,37.4750117,126.8735745,39.89999771118164,3.407536327254295,19.139551162719727,,"{""batteryLevel"":100.0,""distance"":0.54,""totalDistance"":6.881394273E7,""motion"":true}"
1068,2020-10-23 02:47:42,37.4750116,126.8735731,39.89999771118164,3.331647789992809,19.909269332885742,,"{""batteryLevel"":100.0,""distance"":0.63,""totalDistance"":6.881394394E7,""motion"":true}"
1073,2020-10-23 02:49:55,37.4749124,126.8734381,39.89999771118164,1.9454688505268096,243.2042236328125,,"{""batteryLevel"":100.0,""distance"":16.73,""totalDistance"":6.88139623E7,""motion"":true}"
1080,2020-10-23 02:52:44,37.474951,126.8734768,38.19999694824219,4.690419310618401,34.44114685058594,,"{""batteryLevel"":100.0,""distance"":10.18,""totalDistance"":6.88139928E7,""motion"":true}"
1083,2020-10-23 02:54:04,37.4750151,126.8735748,38.19999694824219,1.4199160223915577,20.881521224975586,,"{""batteryLevel"":100.0,""distance"":0.3,""totalDistance"":6.881400418E7,""motion"":true}"
1086,2020-10-23 02:55:24,37.4750263,126.8735509,39.89999771118164,1.8030665286190508,34.14886474609375,,"{""batteryLevel"":100.0,""distance"":0.86,""totalDistance"":6.881400767E7,""motion"":true}"
1088,2020-10-23 02:56:07,37.4750265,126.8735619,39.89999771118164,1.7494426377840042,23.957815170288086,,"{""batteryLevel"":100.0,""distance"":0.34,""totalDistance"":6.881400911E7,""motion"":true}"
1090,2020-10-23 02:56:47,37.4750282,126.8735463,39.89999771118164,1.7788879556486605,20.63695526123047,,"{""batteryLevel"":100.0,""distance"":1.21,""totalDistance"":6.881401065E7,""motion"":true}"
1094,2020-10-23 02:58:47,37.4750211,126.8735406,43.599998474121094,1.516344482395649,16.122102737426758,,"{""batteryLevel"":100.0,""distance"":2.52,""totalDistance"":6.881401593E7,""motion"":true}"
1097,2020-10-23 03:00:07,37.4750159,126.873567,43.599998474121094,1.297044695788622,19.610713958740234,,"{""batteryLevel"":100.0,""distance"":0.89,""totalDistance"":6.881401977E7,""motion"":true}"
1099,2020-10-23 03:00:47,37.4750132,126.8735745,39.89999771118164,1.5353179491255282,14.788860321044922,,"{""batteryLevel"":100.0,""distance"":0.56,""totalDistance"":6.881402118E7,""motion"":true}"
1101,2020-10-23 03:01:27,37.4750129,126.8735721,39.89999771118164,1.6499315499193667,11.805804252624512,,"{""batteryLevel"":100.0,""distance"":0.34,""totalDistance"":6.881402177E7,""motion"":true}"
1103,2020-10-23 03:02:07,37.4750137,126.8735748,39.89999771118164,1.046820495351076,25.19733238220215,,"{""batteryLevel"":100.0,""distance"":0.19,""totalDistance"":6.88140223E7,""motion"":true}"
1105,2020-10-23 03:02:47,37.475015,126.8735711,43.599998474121094,1.3999935289456844,0.9253462553024292,,"{""batteryLevel"":100.0,""distance"":0.32,""totalDistance"":6.8814023E7,""motion"":true}"
1107,2020-10-23 03:03:27,37.4750155,126.8735722,43.599998474121094,1.231650602777481,343.50714111328125,,"{""batteryLevel"":100.0,""distance"":0.21,""totalDistance"":6.881402353E7,""motion"":true}"
1109,2020-10-23 03:04:08,37.4750159,126.8735725,43.599998474121094,1.2099807925322055,343.62384033203125,,"{""batteryLevel"":100.0,""distance"":0.16,""totalDistance"":6.88140239E7,""motion"":true}"
1112,2020-10-23 03:05:28,37.4750192,126.8735503,43.69999694824219,1.2186266564805508,350.2354736328125,,"{""batteryLevel"":100.0,""distance"":2.26,""totalDistance"":6.881402651E7,""motion"":true}"
1115,2020-10-23 03:06:48,37.4750233,126.8735392,43.69999694824219,0.9364718954658507,28.459575653076172,,"{""batteryLevel"":100.0,""distance"":0.79,""totalDistance"":6.881403089E7,""motion"":true}"
1119,2020-10-23 03:08:08,37.4750143,126.873552,43.69999694824219,2.8998544218091964,341.155517578125,,"{""batteryLevel"":100.0,""distance"":0.88,""totalDistance"":6.881403363E7,""motion"":true}"
1120,2020-10-23 03:08:48,37.4750153,126.8735729,39.89999771118164,0.8143314271860123,352.42962646484375,,"{""batteryLevel"":100.0,""distance"":1.85,""totalDistance"":6.881403548E7,""motion"":true}"
1122,2020-10-23 03:09:28,37.4750172,126.8735642,39.89999771118164,1.1498549506230353,347.4460754394531,,"{""batteryLevel"":100.0,""distance"":1.01,""totalDistance"":6.881403672E7,""motion"":true}"
1124,2020-10-23 03:10:08,37.4750192,126.8735577,39.89999771118164,1.2531883301932811,351.14813232421875,,"{""batteryLevel"":100.0,""distance"":1.94,""totalDistance"":6.881404E7,""motion"":true}"
1126,2020-10-23 03:10:48,37.4750137,126.8735611,39.89999771118164,0.67950324451375,337.52008056640625,,"{""batteryLevel"":100.0,""distance"":0.78,""totalDistance"":6.881404179E7,""motion"":true}"
1128,2020-10-23 03:11:28,37.4750103,126.8735473,39.89999771118164,0.40326037770491835,281.7818298339844,,"{""batteryLevel"":100.0,""distance"":1.56,""totalDistance"":6.881404388E7,""motion"":true}"
1132,2020-10-23 03:12:49,37.4750097,126.8735656,39.89999771118164,0.4105034119352102,21.301776885986328,,"{""batteryLevel"":100.0,""distance"":1.25,""totalDistance"":6.881404892E7,""motion"":true}"
1138,2020-10-23 03:15:11,37.4750127,126.8735642,39.89999771118164,0.47015711566007135,7.735837936401367,,"{""batteryLevel"":100.0,""distance"":0.31,""totalDistance"":6.881405779E7,""motion"":true}"
1140,2020-10-23 03:15:51,37.4750088,126.8735514,39.89999771118164,0.4747253567313552,355.6414489746094,,"{""batteryLevel"":100.0,""distance"":1.77,""totalDistance"":6.881406023E7,""motion"":true}"
1143,2020-10-23 03:16:51,37.4750105,126.8735633,39.89999771118164,0.6004138420869112,346.9859619140625,,"{""batteryLevel"":100.0,""distance"":0.32,""totalDistance"":6.881406183E7,""motion"":true}"
1148,2020-10-23 03:19:11,37.475025,126.8735634,39.89999771118164,0.4932885266894102,332.27203369140625,,"{""batteryLevel"":100.0,""distance"":0.38,""totalDistance"":6.881406526E7,""motion"":true}"
1150,2020-10-23 03:19:54,37.4750143,126.8735731,43.69999694824219,0.779229488355875,335.78033447265625,,"{""batteryLevel"":100.0,""distance"":1.9,""totalDistance"":6.881406761E7,""motion"":true}"
1152,2020-10-23 03:20:34,37.4750265,126.8735624,39.89999771118164,0.49907056841182706,317.8077697753906,,"{""batteryLevel"":100.0,""distance"":0.41,""totalDistance"":6.881406994E7,""motion"":true}"
1155,2020-10-23 03:21:54,37.4750257,126.8735602,43.69999694824219,0.40399355327063796,317.5644836425781,,"{""batteryLevel"":100.0,""distance"":0.46,""totalDistance"":6.881407195E7,""motion"":true}"
1157,2020-10-23 03:22:34,37.475026,126.8735641,39.89999771118164,0.49807878856945037,3.894879102706909,,"{""batteryLevel"":100.0,""distance"":0.69,""totalDistance"":6.881407303E7,""motion"":true}"
1160,2020-10-23 03:23:34,37.4749897,126.873543,39.89999771118164,2.9980587006969452,292.69281005859375,,"{""batteryLevel"":100.0,""distance"":4.4,""totalDistance"":6.881407805E7,""motion"":true}"
1163,2020-10-23 03:24:35,37.4750126,126.8735303,39.89999771118164,0.8647963949471712,338.7779846191406,,"{""batteryLevel"":100.0,""distance"":0.67,""totalDistance"":6.881408178E7,""motion"":true}"
1166,2020-10-23 03:25:55,37.4750155,126.8735329,39.89999771118164,1.0094607511718272,343.70587158203125,,"{""batteryLevel"":100.0,""distance"":0.62,""totalDistance"":6.881408341E7,""motion"":true}"
1174,2020-10-23 03:29:35,37.4750181,126.8735786,39.89999771118164,1.06021763357234,350.1855163574219,,"{""batteryLevel"":100.0,""distance"":0.33,""totalDistance"":6.88140894E7,""motion"":true}"
1184,2020-10-23 03:34:57,37.4750186,126.8735716,39.89999771118164,0.6951409246265888,29.974641799926758,,"{""batteryLevel"":100.0,""distance"":0.11,""totalDistance"":6.881415523E7,""motion"":true}"
1185,2020-10-23 03:35:17,37.4750186,126.8735716,39.89999771118164,0.6951409246265888,29.974641799926758,,"{""batteryLevel"":100.0,""distance"":0.0,""totalDistance"":6.881415523E7,""motion"":true}"
1186,2020-10-23 03:35:39,37.4748341,126.8735431,39.89999771118164,0.47736139400750394,149.0,,"{""batteryLevel"":100.0,""distance"":20.69,""totalDistance"":6.881417592E7,""motion"":true}"
1213,2020-10-23 03:46:31,37.4750103,126.8735524,39.89999771118164,2.7177824124140737,7.0620951652526855,,"{""batteryLevel"":100.0,""distance"":2.22,""totalDistance"":6.881431779E7,""motion"":true}"
1221,2020-10-23 03:51:12,37.4750154,126.8735726,43.69999694824219,2.993817219800949,6.370433807373047,,"{""batteryLevel"":100.0,""distance"":0.41,""totalDistance"":6.881432547E7,""motion"":true}"
1223,2020-10-23 03:51:52,37.4750112,126.8735651,39.89999771118164,2.7967475527052876,5.483215808868408,,"{""batteryLevel"":100.0,""distance"":1.52,""totalDistance"":6.881432771E7,""motion"":true}"
1229,2020-10-23 03:54:34,37.4750115,126.8735321,43.599998474121094,3.3741450927901266,10.223770141601562,,"{""batteryLevel"":100.0,""distance"":3.51,""totalDistance"":6.881434092E7,""motion"":true}"
1232,2020-10-23 03:55:54,37.475012,126.8735317,43.599998474121094,2.9276889084649085,30.87784767150879,,"{""batteryLevel"":100.0,""distance"":3.54,""totalDistance"":6.881434811E7,""motion"":true}"
1240,2020-10-23 03:58:35,37.4750186,126.8735633,39.89999771118164,2.4202561066017148,18.567790985107422,,"{""batteryLevel"":100.0,""distance"":0.63,""totalDistance"":6.881435622E7,""motion"":true}"
1241,2020-10-23 03:59:15,37.4747111,126.8734368,38.19999694824219,3.7882011273207663,25.236982345581055,,"{""batteryLevel"":100.0,""distance"":36.01,""totalDistance"":6.881439223E7,""motion"":true}"
1247,2020-10-23 04:01:17,37.4749028,126.8734505,39.89999771118164,8.0121323863163,1.3062399625778198,,"{""batteryLevel"":100.0,""distance"":15.47,""totalDistance"":6.881444664E7,""motion"":true}"
1255,2020-10-23 04:03:57,37.4750145,126.8735566,38.19999694824219,2.236299947230339,25.225969314575195,,"{""batteryLevel"":100.0,""distance"":2.2,""totalDistance"":6.881447419E7,""motion"":true}"
1258,2020-10-23 04:05:17,37.4745002,126.8732561,39.89999771118164,1.6023621506080628,212.6742401123047,,"{""batteryLevel"":100.0,""distance"":63.13,""totalDistance"":6.881454208E7,""motion"":true}"
1259,2020-10-23 04:06:00,37.4748943,126.8735106,38.19999694824219,1.6451258204448223,5.799223899841309,,"{""batteryLevel"":100.0,""distance"":49.3,""totalDistance"":6.881459138E7,""motion"":true}"
1262,2020-10-23 04:07:01,37.4750155,126.873522,39.89999771118164,2.7685100975575447,5.872769832611084,,"{""batteryLevel"":100.0,""distance"":1.07,""totalDistance"":6.881460791E7,""motion"":true}"
1268,2020-10-23 04:09:24,37.4750098,126.873555,39.89999771118164,1.9542245517754553,73.31997680664062,,"{""batteryLevel"":100.0,""distance"":1.62,""totalDistance"":6.881461487E7,""motion"":true}"
1277,2020-10-23 04:13:26,37.4749957,126.8735367,39.89999771118164,1.3764409590697289,359.295166015625,,"{""batteryLevel"":100.0,""distance"":2.76,""totalDistance"":6.881461971E7,""motion"":true}"
1286,2020-10-23 04:16:49,37.4750121,126.8735515,39.89999771118164,0.6197635710875987,275.28387451171875,,"{""batteryLevel"":100.0,""distance"":1.39,""totalDistance"":6.881470428E7,""motion"":true}"
1291,2020-10-23 04:18:52,37.4748509,126.8733236,38.19999694824219,1.43597868480134,41.0,,"{""batteryLevel"":100.0,""distance"":29.42,""totalDistance"":6.881473907E7,""motion"":true}"
1298,2020-10-23 04:21:36,37.4750159,126.8735393,43.599998474121094,1.0643967806417942,339.4257507324219,,"{""batteryLevel"":100.0,""distance"":0.68,""totalDistance"":6.881480489E7,""motion"":true}"
1300,2020-10-23 04:22:16,37.4750157,126.8735379,43.599998474121094,1.2405409358224868,7.1455206871032715,,"{""batteryLevel"":100.0,""distance"":1.58,""totalDistance"":6.881480792E7,""motion"":true}"
1302,2020-10-23 04:22:56,37.4750175,126.8735268,43.599998474121094,1.1299705758183003,1.0397529602050781,,"{""batteryLevel"":100.0,""distance"":2.32,""totalDistance"":6.881481158E7,""motion"":true}"
1306,2020-10-23 04:24:36,37.4750221,126.8735621,39.89999771118164,0.9147341320806741,350.20294189453125,,"{""batteryLevel"":100.0,""distance"":0.85,""totalDistance"":6.881481656E7,""motion"":true}"
1308,2020-10-23 04:25:16,37.4750185,126.8735676,39.89999771118164,0.2807339437007904,180.2041015625,,"{""batteryLevel"":100.0,""distance"":1.1,""totalDistance"":6.881481817E7,""motion"":true}"
1310,2020-10-23 04:25:56,37.474959,126.8735682,39.89999771118164,3.070647021015644,5.8574323654174805,,"{""batteryLevel"":100.0,""distance"":6.9,""totalDistance"":6.881482536E7,""motion"":true}"
1313,2020-10-23 04:27:17,37.4750224,126.8735575,43.69999694824219,0.6320536466460228,355.59173583984375,,"{""batteryLevel"":100.0,""distance"":0.4,""totalDistance"":6.881483344E7,""motion"":true}"
1315,2020-10-23 04:27:57,37.4750199,126.8735711,39.89999771118164,0.9997591514847278,3.3416008949279785,,"{""batteryLevel"":100.0,""distance"":0.19,""totalDistance"":6.881483489E7,""motion"":true}"
1317,2020-10-23 04:28:38,37.4750164,126.8735689,43.599998474121094,1.0823073281807898,21.296337127685547,,"{""batteryLevel"":100.0,""distance"":0.55,""totalDistance"":6.881483562E7,""motion"":true}"
1322,2020-10-23 04:30:58,37.4750174,126.873557,39.89999771118164,1.5766577892329692,358.97210693359375,,"{""batteryLevel"":100.0,""distance"":0.52,""totalDistance"":6.881488421E7,""motion"":true}"
1328,2020-10-23 04:34:42,37.475026,126.8735658,39.89999771118164,1.1618434370541573,1.9465129375457764,,"{""batteryLevel"":100.0,""distance"":0.95,""totalDistance"":6.881494637E7,""motion"":true}"
1329,2020-10-23 04:35:04,37.4750269,126.8735638,39.89999771118164,0.990703019730091,357.5678405761719,,"{""batteryLevel"":100.0,""distance"":0.2,""totalDistance"":6.881494657E7,""motion"":true}"
1332,2020-10-23 04:36:25,37.4750272,126.873557,43.69999694824219,0.5803692299548388,8.794719696044922,,"{""batteryLevel"":100.0,""distance"":0.37,""totalDistance"":6.881494792E7,""motion"":true}"
1334,2020-10-23 04:37:06,37.475028,126.8735617,43.69999694824219,0.18538670910429952,243.83212280273438,,"{""batteryLevel"":100.0,""distance"":0.71,""totalDistance"":6.881494894E7,""motion"":true}"
1336,2020-10-23 04:37:46,37.4750289,126.8735525,52.89999771118164,0.19442980636918544,172.32896423339844,,"{""batteryLevel"":100.0,""distance"":0.9,""totalDistance"":6.881494992E7,""motion"":true}"
1338,2020-10-23 04:38:26,37.4750292,126.8735593,43.69999694824219,0.3846819139455557,182.3512725830078,,"{""batteryLevel"":100.0,""distance"":0.21,""totalDistance"":6.881495088E7,""motion"":true}"
1340,2020-10-23 04:39:06,37.4750269,126.8735592,43.69999694824219,0.7968678757488727,349.4232177734375,,"{""batteryLevel"":100.0,""distance"":0.21,""totalDistance"":6.881495131E7,""motion"":true}"
1341,2020-10-23 04:39:46,37.4750209,126.873569,39.89999771118164,0.5281835936844349,357.2286682128906,,"{""batteryLevel"":100.0,""distance"":1.09,""totalDistance"":6.88149524E7,""motion"":true}"
1347,2020-10-23 04:43:06,37.4750127,126.8735556,39.89999771118164,0.8669135436691046,10.196296691894531,,"{""batteryLevel"":100.0,""distance"":2.16,""totalDistance"":6.881496369E7,""motion"":true}"
1351,2020-10-23 04:45:07,37.4750158,126.8735429,43.69999694824219,0.5892442112674713,353.5005187988281,,"{""batteryLevel"":100.0,""distance"":0.98,""totalDistance"":6.881496569E7,""motion"":true}"
1364,2020-10-23 04:49:41,37.4747766,126.8735742,43.599998474121094,0.32147955590325594,358.82861328125,,"{""batteryLevel"":100.0,""distance"":25.64,""totalDistance"":6.881499718E7,""motion"":true}"
1370,2020-10-23 04:53:08,37.4749961,126.8735953,39.89999771118164,2.255077954545021,274.59552001953125,,"{""batteryLevel"":100.0,""distance"":4.79,""totalDistance"":6.881503173E7,""motion"":true}"
1376,2020-10-23 04:55:51,37.475013,126.8735508,39.89999771118164,0.2979516356956959,0.8260641098022461,,"{""batteryLevel"":100.0,""distance"":0.49,""totalDistance"":6.881503865E7,""motion"":true}"
1389,2020-10-23 05:02:34,37.4750107,126.8735585,39.89999771118164,0.33963665805727244,266.1053771972656,,"{""batteryLevel"":100.0,""distance"":0.09,""totalDistance"":6.881506944E7,""motion"":true}"
1391,2020-10-23 05:03:14,37.4750115,126.8735591,39.89999771118164,0.6045691215573549,255.75901794433594,,"{""batteryLevel"":100.0,""distance"":0.23,""totalDistance"":6.881506989E7,""motion"":true}"
1393,2020-10-23 05:03:54,37.475019,126.8735504,43.69999694824219,0.22286127265548705,338.8566589355469,,"{""batteryLevel"":100.0,""distance"":1.13,""totalDistance"":6.881507133E7,""motion"":true}"
1398,2020-10-23 05:05:55,37.4750134,126.8735625,39.89999771118164,0.8137462075617313,252.8179931640625,,"{""batteryLevel"":100.0,""distance"":0.57,""totalDistance"":6.881507468E7,""motion"":true}"
1401,2020-10-23 05:07:15,37.4750191,126.8735505,43.69999694824219,0.21026472727748752,332.54913330078125,,"{""batteryLevel"":100.0,""distance"":0.96,""totalDistance"":6.881507684E7,""motion"":true}"
1403,2020-10-23 05:07:55,37.4750131,126.8735601,39.89999771118164,0.19210887064138055,47.92145919799805,,"{""batteryLevel"":100.0,""distance"":0.13,""totalDistance"":6.881507804E7,""motion"":true}"
1405,2020-10-23 05:08:35,37.4750129,126.8735559,43.69999694824219,0.14900245165523887,12.96296215057373,,"{""batteryLevel"":100.0,""distance"":0.28,""totalDistance"":6.881507845E7,""motion"":true}"
1411,2020-10-23 05:11:16,37.4750083,126.8735757,39.89999771118164,0.5641903578275442,0.7319533824920654,,"{""batteryLevel"":100.0,""distance"":0.45,""totalDistance"":6.881508309E7,""motion"":true}"
1413,2020-10-23 05:11:56,37.4750151,126.8735517,39.89999771118164,1.1356556988680362,7.02121639251709,,"{""batteryLevel"":100.0,""distance"":2.57,""totalDistance"":6.881508604E7,""motion"":true}"
1417,2020-10-23 05:13:17,37.4750168,126.8735544,39.89999771118164,1.1198961317932605,308.87548828125,,"{""batteryLevel"":100.0,""distance"":2.61,""totalDistance"":6.881509301E7,""motion"":true}"
1418,2020-10-23 05:13:37,37.4750168,126.8735544,39.89999771118164,1.1198961317932605,308.87548828125,,"{""batteryLevel"":100.0,""distance"":0.0,""totalDistance"":6.881509301E7,""motion"":true}"
1419,2020-10-23 05:14:01,37.4750189,126.8735506,39.89999771118164,0.4275491934930682,294.6200866699219,,"{""batteryLevel"":100.0,""distance"":0.41,""totalDistance"":6.881509342E7,""motion"":true}"
1423,2020-10-23 05:15:21,37.4750253,126.8735713,39.89999771118164,1.9837814448723792,308.9001770019531,,"{""batteryLevel"":100.0,""distance"":2.51,""totalDistance"":6.881509897E7,""motion"":true}"
1426,2020-10-23 05:16:41,37.4750209,126.873535,43.599998474121094,0.20934720057839154,356.3621520996094,,"{""batteryLevel"":100.0,""distance"":0.63,""totalDistance"":6.881510245E7,""motion"":true}"
1428,2020-10-23 05:17:22,37.4750208,126.8735606,43.599998474121094,0.2285855571055412,319.9942932128906,,"{""batteryLevel"":100.0,""distance"":1.27,""totalDistance"":6.881510473E7,""motion"":true}"
1430,2020-10-23 05:18:02,37.4750209,126.8735654,43.599998474121094,0.3773066230925917,290.0799255371094,,"{""batteryLevel"":100.0,""distance"":0.23,""totalDistance"":6.881510561E7,""motion"":true}"
1435,2020-10-23 05:20:02,37.4750202,126.8735669,39.89999771118164,0.23269621517273784,242.3587646484375,,"{""batteryLevel"":100.0,""distance"":0.96,""totalDistance"":6.88151086E7,""motion"":true}"
1437,2020-10-23 05:20:42,37.4750209,126.8735608,43.599998474121094,0.22749745238390565,263.5848693847656,,"{""batteryLevel"":100.0,""distance"":0.3,""totalDistance"":6.881510916E7,""motion"":true}"
1443,2020-10-23 05:22:44,37.4750187,126.8735696,39.89999771118164,0.6492501358709335,24.179838180541992,,"{""batteryLevel"":100.0,""distance"":1.6,""totalDistance"":6.881511426E7,""motion"":true}"
1449,2020-10-23 05:25:04,37.4750172,126.8735688,39.89999771118164,0.34858037457919117,12.881280899047852,,"{""batteryLevel"":100.0,""distance"":0.29,""totalDistance"":6.8815116E7,""motion"":true}"
1451,2020-10-23 05:25:44,37.4750171,126.873567,39.89999771118164,0.7158783343716859,21.91557502746582,,"{""batteryLevel"":100.0,""distance"":0.33,""totalDistance"":6.88151168E7,""motion"":true}"
1453,2020-10-23 05:26:24,37.4749803,126.8735451,39.89999771118164,2.004530730485916,18.16499900817871,,"{""batteryLevel"":100.0,""distance"":4.76,""totalDistance"":6.881512182E7,""motion"":true}"
1455,2020-10-23 05:27:04,37.4750163,126.8735654,39.89999771118164,1.3319921903979777,22.121841430664062,,"{""batteryLevel"":100.0,""distance"":0.39,""totalDistance"":6.881512699E7,""motion"":true}"
1457,2020-10-23 05:27:44,37.4750171,126.8735698,39.89999771118164,1.2567415900304317,15.190092086791992,,"{""batteryLevel"":100.0,""distance"":0.11,""totalDistance"":6.881512746E7,""motion"":true}"
1459,2020-10-23 05:28:26,37.4750103,126.8735583,39.89999771118164,3.307340610056877,27.571409225463867,,"{""batteryLevel"":100.0,""distance"":0.99,""totalDistance"":6.881512934E7,""motion"":true}"
1461,2020-10-23 05:29:06,37.4750266,126.8735663,39.89999771118164,0.7740359103974104,17.423900604248047,,"{""batteryLevel"":100.0,""distance"":1.63,""totalDistance"":6.881513296E7,""motion"":true}"
1465,2020-10-23 05:30:28,37.4750168,126.8735783,39.89999771118164,0.9431107955789566,358.5523986816406,,"{""batteryLevel"":100.0,""distance"":0.43,""totalDistance"":6.881513723E7,""motion"":true}"
1467,2020-10-23 05:31:08,37.4750168,126.8735779,39.89999771118164,0.8614180869280099,358.2281494140625,,"{""batteryLevel"":100.0,""distance"":0.31,""totalDistance"":6.881513787E7,""motion"":true}"
1473,2020-10-23 05:33:08,37.4750147,126.8735728,39.89999771118164,0.8310190499310494,336.3011779785156,,"{""batteryLevel"":100.0,""distance"":0.27,""totalDistance"":6.881513951E7,""motion"":true}"
1479,2020-10-23 05:35:08,37.4750158,126.8735717,39.89999771118164,0.23771791165968775,56.77944564819336,,"{""batteryLevel"":100.0,""distance"":0.54,""totalDistance"":6.881514121E7,""motion"":true}"
1492,2020-10-23 05:41:09,37.4750222,126.8735426,43.599998474121094,1.6336261563448906,3.439645767211914,,"{""batteryLevel"":100.0,""distance"":1.9,""totalDistance"":6.881514862E7,""motion"":true}"
1499,2020-10-23 05:43:29,37.4750142,126.8735717,39.89999771118164,2.1486379636530875,11.011106491088867,,"{""batteryLevel"":100.0,""distance"":0.38,""totalDistance"":6.881515417E7,""motion"":true}"
1501,2020-10-23 05:44:28,37.4746113,126.8734276,39.89999771118164,3.1676134288945197,3.617647409439087,,"{""batteryLevel"":100.0,""distance"":46.88,""totalDistance"":6.881520131E7,""motion"":true}"
1511,2020-10-23 05:50:31,37.4750195,126.8735596,43.599998474121094,2.4627262976603506,59.82072830200195,,"{""batteryLevel"":100.0,""distance"":0.35,""totalDistance"":6.881525053E7,""motion"":true}"
1520,2020-10-23 05:55:36,37.4747908,126.8736643,39.89999771118164,1.3637510432968138,30.0,,"{""batteryLevel"":100.0,""distance"":27.91,""totalDistance"":6.881528308E7,""motion"":true}"
1528,2020-10-23 05:59:04,37.4748067,126.8735678,39.89999771118164,0.6726395139352083,28.0,,"{""batteryLevel"":100.0,""distance"":2.42,""totalDistance"":6.881533781E7,""motion"":true}"
1532,2020-10-23 06:01:04,37.4750154,126.8735709,39.89999771118164,1.612593356096506,33.6150016784668,,"{""batteryLevel"":100.0,""distance"":0.55,""totalDistance"":6.881536249E7,""motion"":true}"
1555,2020-10-23 06:12:32,37.4746422,126.8733574,43.599998474121094,4.186625274845123,175.0,,"{""batteryLevel"":100.0,""distance"":45.19,""totalDistance"":6.881541831E7,""motion"":true}"
1562,2020-10-23 06:15:53,37.4748379,126.8734026,39.89999771118164,0.5489537924126386,6.0,,"{""batteryLevel"":100.0,""distance"":25.48,""totalDistance"":6.881549573E7,""motion"":true}"
1580,2020-10-23 06:25:25,37.4749787,126.8735574,43.599998474121094,4.749810239029884,26.47119903564453,,"{""batteryLevel"":100.0,""distance"":3.6,""totalDistance"":6.881560408E7,""motion"":true}"
1589,2020-10-23 06:29:48,37.4750091,126.8735738,39.89999771118164,1.6010615981862544,69.77081298828125,,"{""batteryLevel"":100.0,""distance"":0.75,""totalDistance"":6.88156098E7,""motion"":true}"
1593,2020-10-23 06:32:09,37.4750084,126.8735678,43.599998474121094,1.3150723799421786,34.911014556884766,,"{""batteryLevel"":100.0,""distance"":0.23,""totalDistance"":6.881561119E7,""motion"":true}"
1595,2020-10-23 06:32:49,37.4750128,126.8735574,43.599998474121094,1.3256349511256218,31.39093780517578,,"{""batteryLevel"":100.0,""distance"":1.02,""totalDistance"":6.881561244E7,""motion"":true}"
1597,2020-10-23 06:33:30,37.4750099,126.8735662,43.599998474121094,0.9296416490432023,41.014793395996094,,"{""batteryLevel"":100.0,""distance"":0.19,""totalDistance"":6.881561338E7,""motion"":true}"
1599,2020-10-23 06:34:10,37.4750129,126.8735584,43.599998474121094,1.0256477336483,13.049528121948242,,"{""batteryLevel"":100.0,""distance"":0.25,""totalDistance"":6.881561423E7,""motion"":true}"
1602,2020-10-23 06:35:31,37.4750202,126.8735676,43.599998474121094,1.7120636604909896,19.487804412841797,,"{""batteryLevel"":100.0,""distance"":0.4,""totalDistance"":6.881561634E7,""motion"":true}"
1605,2020-10-23 06:36:51,37.4750204,126.8735634,43.599998474121094,1.387768336180687,27.454580307006836,,"{""batteryLevel"":100.0,""distance"":0.53,""totalDistance"":6.881561728E7,""motion"":true}"
1617,2020-10-23 06:41:52,37.4750188,126.8735715,39.89999771118164,0.3881104192330241,279.6224365234375,,"{""batteryLevel"":100.0,""distance"":0.41,""totalDistance"":6.88156256E7,""motion"":true}"
1620,2020-10-23 06:42:52,37.4750172,126.8735706,43.599998474121094,0.9273555733340978,66.28484344482422,,"{""batteryLevel"":100.0,""distance"":0.71,""totalDistance"":6.881562683E7,""motion"":true}"
1622,2020-10-23 06:43:32,37.4750186,126.8735676,43.599998474121094,1.9810236944274902,14.1140718460083,,"{""batteryLevel"":100.0,""distance"":0.79,""totalDistance"":6.881562833E7,""motion"":true}"
1629,2020-10-23 06:46:15,37.4749983,126.8735381,43.599998474121094,3.7995639582438465,19.965848922729492,,"{""batteryLevel"":100.0,""distance"":2.14,""totalDistance"":6.881563364E7,""motion"":true}"
1631,2020-10-23 06:46:55,37.4750121,126.8735675,43.599998474121094,1.306010339218855,18.759567260742188,,"{""batteryLevel"":100.0,""distance"":0.88,""totalDistance"":6.881563666E7,""motion"":true}"
1633,2020-10-23 06:47:35,37.4750117,126.8735679,43.599998474121094,1.5415341841843127,6.412984848022461,,"{""batteryLevel"":100.0,""distance"":0.24,""totalDistance"":6.881563708E7,""motion"":true}"
1635,2020-10-23 06:48:15,37.4750127,126.8735592,43.599998474121094,1.684794581035137,15.12755012512207,,"{""batteryLevel"":100.0,""distance"":0.47,""totalDistance"":6.881563823E7,""motion"":true}"
1639,2020-10-23 06:49:36,37.4750099,126.8735633,43.599998474121094,2.1578735658488273,4.5640411376953125,,"{""batteryLevel"":100.0,""distance"":0.44,""totalDistance"":6.881564041E7,""motion"":true}"
1641,2020-10-23 06:50:16,37.4750138,126.8735392,43.599998474121094,2.838414587471008,346.6694641113281,,"{""batteryLevel"":100.0,""distance"":2.39,""totalDistance"":6.881564327E7,""motion"":true}"
1642,2020-10-23 06:50:56,37.4750147,126.8735212,39.89999771118164,3.1830462647595406,358.7088623046875,,"{""batteryLevel"":100.0,""distance"":1.59,""totalDistance"":6.881564486E7,""motion"":true}"
1644,2020-10-23 06:51:36,37.4750154,126.8735212,39.89999771118164,2.7500331000595093,359.3023681640625,,"{""batteryLevel"":100.0,""distance"":1.28,""totalDistance"":6.881564748E7,""motion"":true}"
1646,2020-10-23 06:52:16,37.4750115,126.8735536,39.89999771118164,3.14623315811491,1.3799569606781006,,"{""batteryLevel"":100.0,""distance"":2.47,""totalDistance"":6.881565063E7,""motion"":true}"
1648,2020-10-23 06:52:56,37.4750133,126.8735303,39.89999771118164,2.7665874813537594,359.95574951171875,,"{""batteryLevel"":100.0,""distance"":1.08,""totalDistance"":6.881565472E7,""motion"":true}"
1649,2020-10-23 06:53:18,37.4750027,126.8735448,39.89999771118164,8.088112918109893,353.447998046875,,"{""batteryLevel"":100.0,""distance"":1.74,""totalDistance"":6.881565646E7,""motion"":true}"
1651,2020-10-23 06:54:13,37.4746923,126.8735941,39.89999771118164,0.4283632408263087,173.6458282470703,,"{""batteryLevel"":100.0,""distance"":36.31,""totalDistance"":6.881569434E7,""motion"":true}"
1652,2020-10-23 06:54:35,37.4750151,126.8735621,39.89999771118164,0.03712164387910813,359.3342590332031,,"{""batteryLevel"":100.0,""distance"":36.04,""totalDistance"":6.881573038E7,""motion"":true}"
1654,2020-10-23 06:55:15,37.4750109,126.8735562,39.89999771118164,2.6185471922836303,359.70648193359375,,"{""batteryLevel"":100.0,""distance"":1.02,""totalDistance"":6.881573181E7,""motion"":true}"
1658,2020-10-23 06:56:56,37.4750175,126.873569,43.599998474121094,1.5195887379291058,9.102373123168945,,"{""batteryLevel"":100.0,""distance"":0.91,""totalDistance"":6.881573468E7,""motion"":true}"
1660,2020-10-23 06:57:36,37.4750192,126.8735607,39.89999771118164,2.1545290895719527,334.6637268066406,,"{""batteryLevel"":100.0,""distance"":0.53,""totalDistance"":6.88157365E7,""motion"":true}"
1663,2020-10-23 06:58:56,37.4749262,126.8735408,43.599998474121094,6.367692817274094,356.7554931640625,,"{""batteryLevel"":100.0,""distance"":10.81,""totalDistance"":6.881574963E7,""motion"":true}"
1667,2020-10-23 07:00:18,37.4749055,126.8735246,43.599998474121094,4.014830468204498,2.836552858352661,,"{""batteryLevel"":100.0,""distance"":12.95,""totalDistance"":6.881577529E7,""motion"":true}"
1668,2020-10-23 07:00:58,37.4750222,126.8735788,39.0,2.1122440461988448,357.65997314453125,,"{""batteryLevel"":100.0,""distance"":13.85,""totalDistance"":6.881578914E7,""motion"":true}"
1674,2020-10-23 07:04:18,37.4750159,126.8735849,39.89999771118164,2.0138256540927886,0.7577072381973267,,"{""batteryLevel"":100.0,""distance"":1.06,""totalDistance"":6.881579266E7,""motion"":true}"
1709,2020-10-23 07:17:07,37.4751385,126.8736875,43.39999771118164,83.8444227541809,238.0,,"{""batteryLevel"":99.0,""distance"":19.36,""totalDistance"":6.881589183E7,""motion"":true}"
1712,2020-10-23 07:18:27,37.4750288,126.8735411,39.89999771118164,1.6296337790307998,88.39702606201172,,"{""batteryLevel"":98.0,""distance"":1.02,""totalDistance"":6.881591147E7,""motion"":true}"
1716,2020-10-23 07:19:50,37.4750294,126.8735165,39.89999771118164,1.9150412535145283,26.370389938354492,,"{""batteryLevel"":98.0,""distance"":0.97,""totalDistance"":6.881591858E7,""motion"":true}"
1718,2020-10-23 07:20:49,37.4750078,126.8735486,39.0,0.8800860831491947,57.54673767089844,,"{""batteryLevel"":98.0,""distance"":1.42,""totalDistance"":6.881592483E7,""motion"":true}"
1739,2020-10-23 07:28:53,37.4750998,126.8729096,38.19999694824219,0.8307209945987463,109.0,,"{""batteryLevel"":98.0,""distance"":60.54,""totalDistance"":6.881603061E7,""motion"":true}"
1740,2020-10-23 07:29:18,37.4752263,126.8731934,48.5,2.4075840335969922,345.4556579589844,,"{""batteryLevel"":98.0,""distance"":28.76,""totalDistance"":6.881605937E7,""motion"":true}"
1741,2020-10-23 07:29:39,37.4753652,126.8730636,48.29999923706055,0.2133595061790347,270.24700927734375,,"{""batteryLevel"":98.0,""distance"":19.25,""totalDistance"":6.881607862E7,""motion"":true}"
1742,2020-10-23 07:30:00,37.4754492,126.8727861,49.39999771118164,0.29570130345404144,312.8086853027344,,"{""batteryLevel"":98.0,""distance"":26.24,""totalDistance"":6.881610486E7,""motion"":true}"
1743,2020-10-23 07:30:22,37.4755533,126.8725102,48.29999923706055,1.8308284855806827,313.4967041015625,,"{""batteryLevel"":98.0,""distance"":26.99,""totalDistance"":6.881613185E7,""motion"":true}"
1744,2020-10-23 07:30:44,37.4756676,126.8722801,53.5,1.055723573230505,259.4071960449219,,"{""batteryLevel"":97.0,""distance"":23.98,""totalDistance"":6.881615583E7,""motion"":true}"
1745,2020-10-23 07:31:05,37.4756651,126.8720307,47.89999771118164,1.0888705703222752,251.8421630859375,,"{""batteryLevel"":97.0,""distance"":22.03,""totalDistance"":6.881617786E7,""motion"":true}"
1746,2020-10-23 07:31:26,37.4756233,126.8718054,47.89999771118164,1.2893812268500326,256.2709045410156,,"{""batteryLevel"":97.0,""distance"":20.44,""totalDistance"":6.88161983E7,""motion"":true}"
1747,2020-10-23 07:31:47,37.4757202,126.8715375,50.19999694824219,1.0089231508834362,287.52294921875,,"{""batteryLevel"":97.0,""distance"":26.01,""totalDistance"":6.881622431E7,""motion"":true}"
1748,2020-10-23 07:32:08,37.4758117,126.8712829,57.39999771118164,1.269593828649044,258.55035400390625,,"{""batteryLevel"":97.0,""distance"":24.69,""totalDistance"":6.8816249E7,""motion"":true}"
1752,2020-10-23 07:34:17,37.476052,126.869703,37.5,0.9264498211240768,5.0,,"{""batteryLevel"":97.0,""distance"":56.4,""totalDistance"":6.881640579E7,""motion"":true}"
1786,2020-10-23 07:48:31,37.4929595,126.8950478,44.29999923706055,1.4686489092235564,209.00210571289062,,"{""batteryLevel"":94.0,""distance"":50.49,""totalDistance"":6.882543238E7,""motion"":true}"
1813,2020-10-23 08:01:38,37.5403214,126.9074617,45.0,40.988340354743954,35.0,,"{""batteryLevel"":91.0,""distance"":826.3,""totalDistance"":6.883742815E7,""motion"":true}"
1896,2020-10-23 08:36:24,37.5560212,127.044818,57.0,1.1630262735507488,134.3689422607422,,"{""batteryLevel"":84.0,""distance"":26.62,""totalDistance"":6.888095935E7,""motion"":true}"
1936,2020-10-23 08:52:29,37.554859,127.0460367,50.0,0.37713740645009275,154.81985473632812,,"{""batteryLevel"":81.0,""distance"":2.86,""totalDistance"":6.888133583E7,""motion"":true}"
1937,2020-10-23 08:52:49,37.5548408,127.0460583,50.69999694824219,0.18301444645240902,216.3606414794922,,"{""batteryLevel"":81.0,""distance"":2.78,""totalDistance"":6.888133861E7,""motion"":true}"
1948,2020-10-23 08:57:17,37.5546346,127.0462064,50.69999694824219,2.4550346742238998,125.07349395751953,,"{""batteryLevel"":80.0,""distance"":29.15,""totalDistance"":6.888138681E7,""motion"":true}"
1949,2020-10-23 08:57:37,37.5547667,127.0454855,50.69999694824219,2.800247515962124,258.5702819824219,,"{""batteryLevel"":80.0,""distance"":65.3,""totalDistance"":6.888145211E7,""motion"":true}"
1950,2020-10-23 08:58:00,37.5548121,127.0450976,50.69999694824219,2.6602209470529554,257.9991760253906,,"{""batteryLevel"":80.0,""distance"":34.6,""totalDistance"":6.888148671E7,""motion"":true}"
1966,2020-10-23 09:04:29,37.5548843,127.0462558,50.69999694824219,2.0428148227472303,295.97137451171875,,"{""batteryLevel"":79.0,""distance"":109.98,""totalDistance"":6.888182701E7,""motion"":true}"
1983,2020-10-23 09:10:46,37.5547875,127.046087,50.69999694824219,0.9661050258450508,223.4697265625,,"{""batteryLevel"":77.0,""distance"":8.52,""totalDistance"":6.888186704E7,""motion"":true}"
2043,2020-10-23 09:34:26,37.5547503,127.0457109,63.599998474121094,0.9162218018442392,136.06346130371094,,"{""batteryLevel"":73.0,""distance"":21.06,""totalDistance"":6.888199404E7,""motion"":true}"
2063,2020-10-23 09:42:34,37.5554726,127.0463258,54.099998474121094,0.5837196152004003,285.0,,"{""batteryLevel"":72.0,""distance"":36.09,""totalDistance"":6.888251094E7,""motion"":true}"
2064,2020-10-23 09:43:06,37.5551945,127.0462581,54.29999923706055,2.105407717014313,89.13331604003906,,"{""batteryLevel"":72.0,""distance"":31.53,""totalDistance"":6.888254247E7,""motion"":true}"
2073,2020-10-23 09:47:34,37.5558144,127.0490618,49.599998474121094,1.5545792173891066,357.9759826660156,,"{""batteryLevel"":72.0,""distance"":15.12,""totalDistance"":6.888291531E7,""motion"":true}"
2074,2020-10-23 09:48:05,37.555882,127.0493258,45.89999771118164,0.22295345546355844,77.25438690185547,,"{""batteryLevel"":71.0,""distance"":24.48,""totalDistance"":6.888293979E7,""motion"":true}"
2079,2020-10-23 09:50:24,37.5555041,127.0491945,64.5999984741211,2.070565888668537,66.0,,"{""batteryLevel"":71.0,""distance"":34.4,""totalDistance"":6.888300568E7,""motion"":true}"
2080,2020-10-23 09:50:47,37.555774,127.0493821,64.4000015258789,1.9980202056140899,65.56726837158203,,"{""batteryLevel"":71.0,""distance"":34.3,""totalDistance"":6.888303998E7,""motion"":true}"
2147,2020-10-23 10:17:00,37.5557602,127.049666,64.5,0.585369318154335,23.90829086303711,,"{""batteryLevel"":68.0,""distance"":3.78,""totalDistance"":6.888313259E7,""motion"":true}"
2173,2020-10-23 10:26:35,37.5558148,127.049655,64.5999984741211,1.171968744554758,303.3448181152344,,"{""batteryLevel"":67.0,""distance"":9.28,""totalDistance"":6.888357071E7,""motion"":true}"
2196,2020-10-23 10:37:27,37.5556619,127.0500596,64.5999984741211,1.7868670330324172,302.0,,"{""batteryLevel"":66.0,""distance"":240.24,""totalDistance"":6.888413896E7,""motion"":true}"
2198,2020-10-23 10:38:08,37.5557985,127.0498686,64.5999984741211,0.5892259050507546,255.0,,"{""batteryLevel"":66.0,""distance"":22.7,""totalDistance"":6.888416166E7,""motion"":true}"
2204,2020-10-23 10:41:03,37.5557162,127.0495524,64.5,1.0930155380630493,289.6971740722656,,"{""batteryLevel"":66.0,""distance"":9.18,""totalDistance"":6.888446542E7,""motion"":true}"
2207,2020-10-23 10:42:03,37.5557451,127.0496617,64.5,1.5700470436177254,217.86517333984375,,"{""batteryLevel"":66.0,""distance"":2.48,""totalDistance"":6.88844775E7,""motion"":true}"
2220,2020-10-23 10:46:46,37.5557276,127.0496518,64.5,0.06298883137603103,81.35076904296875,,"{""batteryLevel"":65.0,""distance"":0.46,""totalDistance"":6.888448971E7,""motion"":true}"
2233,2020-10-23 10:52:41,37.5559369,127.0496199,64.5,4.598716751080513,350.9251708984375,,"{""batteryLevel"":65.0,""distance"":84.19,""totalDistance"":6.888467069E7,""motion"":true}"
2236,2020-10-23 10:53:42,37.5556787,127.0496737,64.5,8.41123942524147,125.0,,"{""batteryLevel"":65.0,""distance"":4.07,""totalDistance"":6.888469994E7,""motion"":true}"
